Vx,Vy,X,Y,G,Xx,Yy
0.1,0.0,0.015625476837158203,0.008545182645320892,0.24513961374759674,1.035179615020752,0.050718970596790314
0.1,0.0,0.2053285390138626,0.01074251625686884,0.23597663640975952,1.1775115728378296,-0.025816358625888824
0.1,0.0,0.1032746434211731,0.023194067180156708,0.2317005693912506,0.8651607036590576,6.482899188995361E-4
0.1,0.0,0.12500381469726562,-0.008545182645320892,0.021562932059168816,-0.03594851493835449,0.00620356947183609
0.1,0.0,0.19312113523483276,-0.045655690133571625,-0.1268773227930069,0.64729905128479,-0.4772989749908447
0.1,0.0,-0.009765923023223877,-0.01757866144180298,-0.3131912350654602,-1.360350489616394,-0.3686222434043884
0.1,0.0,0.029786067083477974,-0.05786309391260147,-0.5502068996429443,-1.4243862628936768,-0.2191343605518341
0.1,0.0,-0.06909390538930893,0.007080294657498598,-0.5190528035163879,-2.2483303546905518,0.3532322943210602
0.1,0.0,-9.765923023223877E-4,0.0,-0.4304773509502411,-1.396708607673645,0.030484601855278015
0.1,0.0,-0.09326456487178802,0.05005035549402237,-0.31135860085487366,-2.2545828819274902,0.49529752135276794
0.1,0.0,-0.02710043638944626,-7.324442267417908E-4,-0.4109296500682831,-1.2265727519989014,-0.015041794627904892
0.1,0.0,-0.125736266374588,0.010986664332449436,-0.26065680384635925,-1.7343189716339111,-0.10111363232135773
0.1,0.0,-0.21924497187137604,0.010986664332449436,-0.06456907093524933,-2.890237808227539,-0.0243162140250206
0.1,0.0,-0.1186559721827507,-0.02929777093231678,-0.15070106089115143,-1.900197148323059,-0.3567030429840088
0.1,0.0,-0.22779014706611633,0.009277626872062683,0.0026261096354573965,-1.891623854637146,0.05348623916506767
0.1,0.0,0.004150517284870148,0.0,0.07592993974685669,2.0740718841552734,0.0748659297823906
0.1,0.0,-0.01074251625686884,0.00317392498254776,0.0038478400092571974,2.0422582626342773,0.07785700261592865
-0.1,0.0,-0.3112888038158417,-0.00952177494764328,0.28118064999580383,1.3669633865356445,0.0249604731798172
-0.1,0.0,-0.1669972836971283,-0.010986664332449436,0.23597663640975952,0.1076822280883789,-0.03716587275266647
-0.1,0.0,-0.14575640857219696,0.00634784996509552,0.6067718267440796,2.8264923095703125,-0.021106798201799393
-0.1,0.0,-0.21631519496440887,0.008545182645320892,0.11136012524366379,1.1078158617019653,0.011207036674022675
-0.1,0.0,-0.038575395941734314,0.02929777093231678,0.6935147047042847,3.35650897026062,0.12559197843074799
-0.1,0.0,-0.014893033541738987,0.01660206913948059,0.1968812495470047,1.6978344917297363,0.002698659896850586
-0.1,0.0,0.08545182645320892,-0.011230811476707458,0.43695127964019775,2.947716474533081,-0.15285620093345642
-0.1,0.0,0.06006042659282684,-0.017090365290641785,0.07104301452636719,1.5859673023223877,-0.3661843538284302
-0.1,0.0,0.09668263792991638,0.006103701889514923,0.4497794806957245,3.9789817333221436,-0.282710462808609
-0.1,0.0,0.055909913033246994,-0.019531846046447754,0.13457299768924713,1.7615331411361694,-0.03762724995613098
-0.1,0.0,0.24878688156604767,-0.03393658250570297,0.6324281692504883,5.2430830001831055,-0.1888914704322815
-0.1,0.0,-0.12036500126123428,0.02050843834877014,-0.1317642480134964,1.618666648864746,-1.471949577331543
-0.1,0.0,0.21216468513011932,-0.03662221133708954,0.3526518940925598,1.7478196620941162,-0.2412305474281311
-0.1,0.0,0.17944884300231934,0.012207403779029846,0.150455504655838,1.8775129318237305,0.0839327871799469
-0.1,0.0,-0.0158696249127388,0.008545182645320892,0.0032369750551879406,-0.8729872703552246,0.09560144692659378
0.0,-1.0,0.021729180589318275,0.13647878170013428,-0.13604030013084412,-0.2408299446105957,1.392146110534668
0.0,-1.0,-0.07617419958114624,0.25733205676078796,0.13762733340263367,0.10046607255935669,-0.5066285729408264
0.0,-1.0,-0.095706045627594,0.1269569993019104,0.17550097405910492,0.7225989103317261,-0.4394237995147705
0.0,-1.0,0.014893033541738987,0.1420941799879074,0.2677416503429413,0.9205069541931152,-1.2215994596481323
0.0,-1.0,0.01831110566854477,0.09399700909852982,-0.015699846670031548,0.8223175406455994,-1.369470477104187
0.0,-1.0,0.011719107627868652,0.062257762998342514,-0.04746484011411667,0.6290819048881531,-2.1509995460510254
0.0,-1.0,0.02856532484292984,-0.037598803639411926,-0.07434291392564774,0.5908236503601074,-2.0299072265625
0.0,-1.0,0.032959990203380585,-0.050294503569602966,-0.13359685242176056,-0.18002855777740479,-2.1821532249450684
0.0,-1.0,-0.02465895563364029,-0.1281777322292328,-0.24233084917068481,-0.45439833402633667,-0.8876774311065674
0.0,-1.0,-0.04443494975566864,-0.07324442267417908,-0.10794049501419067,0.8751133680343628,-0.8199691772460938
0.0,-1.0,0.07617419958114624,-0.17969298362731934,-0.28570228815078735,-1.0051230192184448,-0.3506723642349243
0.0,-1.0,-0.0798364207148552,-0.16211432218551636,-0.15619885921478271,-0.34345242381095886,0.3376893997192383
0.0,-1.0,-0.04809717461466789,-0.14819788932800293,-0.027306288480758667,0.10452976822853088,1.914560079574585
0.0,-1.0,-0.014160589314997196,0.00634784996509552,0.0032369750551879406,0.11051768064498901,1.7406597137451172
0.0,1.0,0.035401470959186554,-0.12182989716529846,-0.3889385163784027,-0.4807646870613098,-1.5993692874908447
0.0,1.0,-0.04907376319169998,-0.20752586424350739,-0.07373204827308655,0.41826942563056946,-1.539806604385376
0.0,1.0,-0.014893033541738987,-0.35425886511802673,-0.1769682765007019,0.2849055230617523,1.4290207624435425
0.0,1.0,-0.024170659482479095,-0.17017121613025665,0.12052310258150101,0.08623969554901123,1.8220919370651245
0.0,1.0,-0.08178960531949997,-0.1572313755750656,0.27995893359184265,0.771186888217926,2.743072032928467
0.0,1.0,0.09912411868572235,0.025147251784801483,0.10219714045524597,0.20114532113075256,2.4884984493255615
0.0,1.0,-0.11987671256065369,-0.00878933072090149,0.08264946192502975,0.754449725151062,2.82454776763916
0.0,1.0,0.061281170696020126,0.1115756705403328,-0.15070106089115143,0.6753557324409485,1.5207571983337402
0.0,1.0,-0.043946657329797745,0.09595019370317459,-0.22522662580013275,-0.7747538089752197,2.0865414142608643
0.0,1.0,0.021973328664898872,0.22339551150798798,-0.22400489449501038,-0.7585115432739258,1.0459119081497192
0.0,1.0,-0.00537125812843442,0.21118809282779694,-0.24660690128803253,-0.6155943870544434,0.6449705362319946
0.0,1.0,-0.1027863398194313,0.2629474997520447,-0.06640166789293289,-0.6742171049118042,-0.7375218868255615
0.0,1.0,-0.036866359412670135,0.06250190734863281,0.011178222484886646,0.2391907423734665,-2.4354357719421387
0.0,1.0,-0.017090365290641785,0.007568590342998505,0.0038478400092571974,0.2703322470188141,-2.1667919158935547
30.0,0.0,0.1835993528366089,-0.01513718068599701,0.3037826716899872,2.398787021636963,-0.7670955061912537
30.0,0.0,0.1835993528366089,0.06518753618001938,0.1516772359609604,0.7308740019798279,0.3193551003932953
30.0,0.0,0.2553789019584656,7.324442267417908E-4,0.009956492111086845,0.9230186939239502,-0.5417236089706421
30.0,0.0,0.22656942903995514,-0.025147251784801483,-0.14825759828090668,0.1870737075805664,-0.6761437654495239
30.0,0.0,0.11670277267694473,-0.021973328664898872,-0.31746727228164673,-1.8135364055633545,-0.4473428726196289
30.0,0.0,0.16309091448783875,-0.0046388134360313416,-0.43353167176246643,-2.0489821434020996,-0.3411928117275238
30.0,0.0,-0.027344586327672005,0.011719107627868652,-0.18552038073539734,-3.2721750736236572,-0.33844292163848877
30.0,0.0,-0.13867610692977905,0.00878933072090149,0.04599754512310028,-3.672842025756836,-0.7002865076065063
30.0,0.0,-0.09350871294736862,-0.00317392498254776,-0.16963788866996765,-2.9023358821868896,-0.5235685110092163
30.0,0.0,-0.15430158376693726,0.05053865164518356,0.15900760889053345,-3.3168606758117676,-0.021860972046852112
30.0,0.0,-0.15186011791229248,0.01196325570344925,-0.5819719433784485,0.46388888359069824,-1.0428187847137451
30.0,0.0,-0.1425824910402298,-0.028809474781155586,-0.22644835710525513,-1.8678945302963257,0.2158856838941574
30.0,0.0,-0.052735984325408936,-0.009033478796482086,-0.39199283719062805,-0.16945219039916992,-0.18971329927444458
30.0,0.0,-0.16333505511283875,0.0236823633313179,-0.04318878427147865,-1.2858837842941284,-0.5048143863677979
30.0,0.0,-0.17749565839767456,0.004150517284870148,0.02034120261669159,0.13661527633666992,-0.03853964805603027
30.0,0.0,-0.00634784996509552,0.005615405738353729,0.00568043626844883,2.069140911102295,0.0671057403087616
-30.0,0.0,-0.3012787103652954,-0.015625476837158203,-0.6571083664894104,-3.725651741027832,0.40979865193367004
-30.0,0.0,-0.5290688872337341,0.035401470959186554,-0.7817248702049255,-3.0513718128204346,-0.1556769758462906
-30.0,0.0,-0.5610523223876953,-0.038575395941734314,0.15961848199367523,-0.8813087940216064,1.0387247800827026
-30.0,0.0,0.010010071098804474,0.022705771028995514,0.30989131331443787,-0.7068867683410645,-0.623318076133728
-30.0,0.0,-0.3659779727458954,-0.04858546704053879,0.916480541229248,6.1996917724609375,-0.04985606670379639
-30.0,0.0,0.36109501123428345,-0.01977599412202835,0.3343259394168854,4.248211860656738,-0.06241941079497337
-30.0,0.0,0.10596027225255966,0.007568590342998505,0.47665753960609436,4.458164215087891,-0.2282056212425232
-30.0,0.0,0.6428419351577759,-0.029786067083477974,-0.18979644775390625,1.1056759357452393,-0.584848940372467
-30.0,0.0,0.018799401819705963,-0.05005035549402237,0.4345078468322754,4.383191108703613,-0.8356419205665588
-30.0,0.0,0.3728141188621521,-0.08203375339508057,0.3074478805065155,2.180971145629883,0.22068080306053162
-30.0,0.0,0.20410780608654022,0.009033478796482086,0.3740321695804596,3.752469062805176,0.39872902631759644
-30.0,0.0,0.3112888038158417,0.047853022813797,-0.008369464427232742,-1.0847196578979492,0.2094818353652954
-30.0,0.0,-0.015381328761577606,0.006103701889514923,0.006902166176587343,-1.2081862688064575,0.15180706977844238
0.0,-40.0,0.0,0.19580677151679993,0.13457299768924713,-0.30388733744621277,1.9273879528045654
0.0,-40.0,0.054445020854473114,0.2292550504207611,0.0905907079577446,-0.32765573263168335,1.4097410440444946
0.0,-40.0,-0.03247169405221939,0.2778405249118805,0.08142772316932678,0.02825184352695942,-0.023013591766357422
0.0,-40.0,0.02856532484292984,0.23316141963005066,-0.019975904375314713,-0.26878902316093445,-1.6636723279953003
0.0,-40.0,-0.05078279972076416,0.12524797022342682,0.02034120261669159,-0.10822999477386475,-2.6492223739624023
0.0,-40.0,0.04052858054637909,0.01342814415693283,-0.0761755034327507,0.9246707558631897,-3.714318037033081
0.0,-40.0,0.04516739398241043,-0.08227790892124176,-0.30586084723472595,-0.30578890442848206,-2.950878620147705
0.0,-40.0,-0.07739493995904922,-0.16162602603435516,-0.1623075157403946,-0.5055703520774841,-2.21053409576416
0.0,-40.0,-0.06836146116256714,-0.1899472028017044,0.08142772316932678,0.012289464473724365,-1.0458765029907227
0.0,-40.0,-0.0634784996509552,-0.17993712425231934,0.22620278596878052,-0.10219025611877441,0.12495052814483643
0.0,-40.0,-0.06250190734863281,0.39429914951324463,0.4198470711708069,-0.2305586338043213,2.395230293273926
0.0,-40.0,-0.04589983820915222,-0.1901913583278656,-0.004093408118933439,0.2992061674594879,3.5415565967559814
0.0,-40.0,-0.01269569993019104,-0.004394665360450745,0.0044587054289877415,0.15660108625888824,3.187666654586792
0.0,-40.0,-0.014893033541738987,0.00634784996509552,0.010567357763648033,0.11698408424854279,2.5721068382263184
0.0,-40.0,-0.015381328761577606,-0.01464888546615839,0.11441445350646973,0.10114099085330963,1.6401728391647339
0.0,-40.0,-0.012939848005771637,0.0024414807558059692,0.005069570615887642,0.13839110732078552,1.3449416160583496
0.0,40.0,-0.01074251625686884,-0.10547196865081787,-0.22522662580013275,0.18103311955928802,-2.6783182621002197
0.0,40.0,-0.007568590342998505,-0.29712820053100586,-0.2673763334751129,0.03523612022399902,-1.2434192895889282
0.0,40.0,-0.14111758768558502,-0.3483993113040924,-0.29058921337127686,-2.4122636318206787,-0.0649418830871582
0.0,40.0,-0.1511276662349701,-0.2053285390138626,0.7546011805534363,-0.336032897233963,1.6312141418457031
0.0,40.0,0.12988677620887756,0.007568590342998505,0.3276064097881317,1.9214808940887451,3.394172191619873
0.0,40.0,0.07031464576721191,0.11572618782520294,-0.04379964992403984,1.0309795141220093,4.047588348388672
0.0,40.0,-0.03271584212779999,0.15283669531345367,-0.16108576953411102,-0.014818072319030762,4.0348687171936035
0.0,40.0,0.018555253744125366,0.19165624678134918,-0.29547613859176636,0.18119609355926514,3.435603618621826
0.0,40.0,-0.1506393551826477,0.09619434922933578,0.018508605659008026,-1.371728777885437,1.169994592666626
0.0,40.0,-0.0473647266626358,0.25025177001953125,0.1864965558052063,0.3656693696975708,1.3626772165298462
0.0,40.0,0.06469924002885818,0.3034760653972626,0.05149533227086067,1.6487643718719482,0.2371375560760498
0.0,40.0,-0.020996734499931335,0.1115756705403328,-4.282165609765798E-4,0.013663768768310547,-2.5580005645751953
0.0,40.0,-0.01342814415693283,0.005615405738353729,-0.001649947022087872,0.2444443553686142,-2.9110162258148193
0.0,40.0,-0.0317392498254776,0.004394665360450745,0.005069570615887642,0.1624627411365509,-2.140573263168335
0.0,40.0,-0.0158696249127388,0.008056886494159698,0.006902166176587343,0.18644873797893524,-1.6035854816436768
15.05,-0.1,0.03344828635454178,0.021240882575511932,0.12479915469884872,1.9260931015014648,-0.617171585559845
15.05,-0.1,0.21167637407779694,-0.01342814415693283,-0.023030230775475502,1.3730652332305908,-0.18389688432216644
15.05,-0.1,0.22363965213298798,0.013183996081352234,-0.20934413373470306,-0.6177557706832886,0.12878289818763733
15.05,-0.1,0.07251197844743729,0.06909390538930893,-0.14520327746868134,0.35293126106262207,0.23540693521499634
15.05,-0.1,0.14502395689487457,0.10766930133104324,-0.41703829169273376,-3.212883234024048,0.7301342487335205
15.05,-0.1,0.12988677620887756,0.13623462617397308,-0.15497712790966034,-1.0006022453308105,0.34178251028060913
15.05,-0.1,-0.09179967641830444,0.12036500126123428,-0.20140287280082703,-1.5992169380187988,0.581198513507843
15.05,-0.1,0.08984649181365967,0.11230811476707458,-0.5776958465576172,-1.6966087818145752,-0.39663344621658325
15.05,-0.1,-0.1508835107088089,0.06201361119747162,-0.41215139627456665,-4.201373100280762,-1.6146152019500732
15.05,-0.1,-0.09887997806072235,-0.09009063988924026,-0.32235419750213623,-2.495032787322998,-1.9918413162231445
15.05,-0.1,-0.16357921063899994,-0.13013091683387756,-0.08533848822116852,-2.399388313293457,-2.5767409801483154
15.05,-0.1,-0.20117801427841187,-0.24073000252246857,-0.2514938414096832,-2.919025182723999,-3.0418076515197754
15.05,-0.1,-1.720755696296692,-1.1260110139846802,0.36609095335006714,-0.7145434021949768,-1.052414059638977
15.05,-0.1,-0.04443494975566864,-0.04419080168008804,0.0802059918642044,0.2977728843688965,0.09696371853351593
15.05,-0.1,-0.00878933072090149,0.004150517284870148,0.0038478400092571974,0.5685280561447144,0.45739680528640747
-15.05,0.1,-0.27539902925491333,-0.13769951462745667,-0.1720813512802124,-1.948449969291687,-1.1312531232833862
-15.05,0.1,-0.3479110300540924,-0.17310099303722382,-0.43169906735420227,-0.7357138395309448,-0.7811463475227356
-15.05,0.1,-0.26612141728401184,-0.12231818586587906,-0.5068355202674866,-1.0665371417999268,-0.24810361862182617
-15.05,0.1,-0.3252052366733551,-0.07202368229627609,0.41190582513809204,-2.62870717048645,0.06789267063140869
-15.05,0.1,0.058351386338472366,-0.004150517284870148,0.4937617778778076,3.7128753662109375,1.1331121921539307
-15.05,0.1,0.018066957592964172,0.024414807558059692,0.40701889991760254,0.9219322204589844,1.1669753789901733
-15.05,0.1,0.12378308176994324,0.01831110566854477,0.4797118604183197,3.8142166137695312,1.132641077041626
-15.05,0.1,0.27466657757759094,0.1274452954530716,0.5334680080413818,4.918082237243652,2.2981414794921875
-15.05,0.1,0.10376293212175369,0.05078279972076416,0.41251668334007263,1.2866957187652588,1.0509487390518188
-15.05,0.1,0.24976348876953125,0.13306070864200592,0.20482251048088074,4.445839881896973,1.4508285522460938
-15.05,0.1,0.16016113758087158,0.12280648201704025,0.21459634602069855,2.147214889526367,0.8814951181411743
-15.05,0.1,0.2465895712375641,0.09057894349098206,0.010567357763648033,3.4185447692871094,0.7845128774642944
-15.05,0.1,-0.015381328761577606,0.007324442733079195,0.0038478400092571974,-0.8120341300964355,-0.3774721026420593
-15.05,0.1,-0.05615405738353729,0.05737479776144028,0.0026261096354573965,-1.3444452285766602,-0.08174428343772888
-15.05,0.1,-0.01757866144180298,0.008545182645320892,-0.0010390818351879716,-1.0268259048461914,-0.4244711101055145
15.05,0.1,0.13330486416816711,-0.1511276662349701,0.14251425862312317,0.9195293188095093,-0.32129043340682983
15.05,0.1,0.08154545724391937,-0.08056886494159698,0.12052310258150101,1.4075530767440796,-0.7425994873046875
15.05,0.1,0.14429152011871338,-0.1579637974500656,0.0954776331782341,-0.00612950325012207,-0.316897988319397
15.05,0.1,0.054933320730924606,-0.1814020276069641,0.33004990220069885,-0.8339745402336121,0.6280354261398315
15.05,0.1,0.007324442733079195,-0.10571611672639847,0.07592993974685669,-0.3868274688720703,0.9478187561035156
15.05,0.1,0.11255227029323578,-0.09595019370317459,0.021562932059168816,-2.0879435539245605,1.6641225814819336
15.05,0.1,-0.03662221133708954,0.03808709979057312,-0.1018318459391594,0.5488647222518921,2.397799491882324
15.05,0.1,0.03662221133708954,-0.06909390538930893,-0.40237754583358765,-1.542779564857483,1.7144848108291626
15.05,0.1,0.01660206913948059,0.12231818586587906,-0.5092789530754089,-1.4220974445343018,2.369243860244751
15.05,0.1,-0.09839167445898056,0.043946657329797745,-0.19529423117637634,-3.2411704063415527,1.5560836791992188
15.05,0.1,-0.10107730329036713,0.1425824910402298,-0.30586084723472595,-0.4196833372116089,1.2087246179580688
15.05,0.1,-0.15576647222042084,0.14722129702568054,-0.12932078540325165,-1.438477635383606,1.290496587753296
15.05,0.1,-0.050294503569602966,0.09839167445898056,-0.060293011367321014,-1.1306962966918945,0.6181907057762146
15.05,0.1,-0.13086336851119995,0.09961241483688354,-0.12260126322507858,-0.06597959995269775,-0.19884830713272095
15.05,0.1,-0.14111758768558502,0.095706045627594,-0.004093408118933439,-0.02678048610687256,-0.6427651643753052
15.05,0.1,-0.0629902109503746,0.04370250552892685,1.826486986828968E-4,1.2366658449172974,-0.941400408744812
15.05,0.1,-0.010498367249965668,0.007812738418579102,-4.282165609765798E-4,1.0878299474716187,-0.9818507432937622
-15.05,-0.1,0.009033478796482086,0.03491317480802536,-0.16108576953411102,-0.037251055240631104,0.0492711067199707
-15.05,-0.1,-0.3247169554233551,0.16968291997909546,0.3080587387084961,-2.2910079956054688,1.3120603561401367
-15.05,-0.1,-0.1743217259645462,0.20850245654582977,0.24147441983222961,-1.0547950267791748,0.390722393989563
-15.05,-0.1,-0.14111758768558502,0.22705771028995514,0.028282450512051582,1.9491689205169678,-0.14212357997894287
-15.05,-0.1,-0.22730186581611633,0.1030304878950119,0.33493679761886597,0.6370738744735718,-1.424673080444336
-15.05,-0.1,0.12891018390655518,0.08935819566249847,-0.03463666886091232,3.3619089126586914,-0.6967148780822754
-15.05,-0.1,-0.05127109959721565,-0.020996734499931335,-0.04502137750387192,2.2789440155029297,-1.9918688535690308
-15.05,-0.1,-0.16162602603435516,0.11011078208684921,0.1412925273180008,3.0313847064971924,-2.0476999282836914
-15.05,-0.1,0.16357921063899994,-0.022705771028995514,0.15228809416294098,1.2956204414367676,-1.1602704524993896
-15.05,-0.1,-0.06030457839369774,-0.06445509195327759,0.13762733340263367,1.6355243921279907,-1.9281857013702393
-15.05,-0.1,0.23682363331317902,-0.1672414243221283,-0.11343828588724136,1.4665652513504028,-2.294288396835327
-15.05,-0.1,0.04345836117863655,-0.21607105433940887,-0.08045156300067902,-0.9993429183959961,-0.16766715049743652
-15.05,-0.1,0.18457594513893127,-0.2060609757900238,-0.045632243156433105,-1.1439968347549438,0.7650424242019653
-15.05,-0.1,0.056642357259988785,-0.09375286102294922,0.0038478400092571974,-1.7375805377960205,2.576842784881592
-15.05,-0.1,-0.024170659482479095,0.0034180732909590006,0.19260519742965698,-1.4418901205062866,2.063973903656006
-15.05,-0.1,0.02075258642435074,0.08984649181365967,0.0026261096354573965,-1.0690999031066895,1.7203526496887207
-15.05,-0.1,-0.015625476837158203,0.005615405738353729,0.005069570615887642,-0.6554034948348999,1.1997593641281128
0.0,0.0,-0.016357921063899994,0.0046388134360313416,7.935139583423734E-4,-0.5317049026489258,0.916007399559021
0.0,0.0,-0.015381328761577606,0.008301034569740295,0.0032369750551879406,-0.35756412148475647,0.6973593235015869
0.0,0.0,-0.014893033541738987,0.007812738418579102,1.826486986828968E-4,-0.26996663212776184,0.5583202838897705
0.0,0.0,-0.016357921063899994,0.004150517284870148,-4.282165609765798E-4,-0.18288815021514893,0.4363679587841034
0.0,0.0,-0.016113772988319397,0.006591998040676117,7.935139583423734E-4,-0.15527456998825073,0.3888336718082428
0.0,0.0,-0.0158696249127388,0.004394665360450745,0.0032369750551879406,-0.13427814841270447,0.2989799380302429
0.0,0.0,-0.017822811380028725,0.0034180732909590006,-0.001649947022087872,-0.07251150906085968,0.2551024556159973
0.0,0.0,-0.01660206913948059,0.0048829615116119385,7.935139583423734E-4,-0.03494871407747269,0.24483796954154968
0.0,0.0,-0.016113772988319397,0.007324442733079195,0.002015244448557496,-0.01963818073272705,0.20677450299263
0.0,0.0,-0.01757866144180298,0.00537125812843442,0.0032369750551879406,0.018551185727119446,0.18041768670082092
0.0,0.0,-0.01733451336622238,0.004394665360450745,0.0044587054289877415,0.05418512225151062,0.15534904599189758
0.0,0.0,-0.01196325570344925,0.0036622213665395975,0.0014043792616575956,0.0325406938791275,0.13783937692642212
0.0,0.0,-0.021729180589318275,0.00317392498254776,0.00568043626844883,-0.0112953782081604,0.10434916615486145
0.0,0.0,-0.018555253744125366,0.0021973326802253723,0.0014043792616575956,0.08455890417098999,0.07428651303052902
0.0,0.0,-0.013183996081352234,0.00268562906421721,0.00568043626844883,0.056833088397979736,0.09558916836977005
0.0,0.0,-0.01904354989528656,0.004150517284870148,-0.0028716775123029947,0.03347122669219971,0.05664342641830444
0.0,0.0,-0.01757866144180298,0.004394665360450745,0.0038478400092571974,0.08789539337158203,0.056975677609443665
0.0,0.0,-0.016113772988319397,0.0024414807558059692,1.826486986828968E-4,0.10105675458908081,0.045156143605709076
0.0,0.0,-0.014893033541738987,0.005859553813934326,0.002015244448557496,0.12042738497257233,0.04192835092544556
0.0,0.0,-0.01733451336622238,0.0046388134360313416,0.0032369750551879406,0.08196437358856201,0.0346728153526783
0.0,0.0,-0.01831110566854477,0.004394665360450745,-0.001649947022087872,0.10478475689888,0.04819801449775696
0.0,0.0,-0.01733451336622238,0.006591998040676117,1.826486986828968E-4,0.1228366494178772,0.034525975584983826
0.0,0.0,-0.010010071098804474,0.004150517284870148,0.0032369750551879406,0.1370415985584259,0.019467802718281746
0.0,0.0,-0.018555253744125366,9.765923023223877E-4,0.00568043626844883,0.1761271059513092,0.020054977387189865
0.0,0.0,-0.002929776906967163,0.008056886494159698,0.0026261096354573965,0.09882645308971405,0.030096840113401413
0.0,0.0,-0.00878933072090149,0.004150517284870148,7.935139583423734E-4,0.12506495416164398,0.04486754536628723
0.0,0.0,-0.04931791126728058,0.006836146581918001,0.002015244448557496,-0.05561259388923645,-0.0021065250039100647
0.0,0.0,0.01074251625686884,0.0046388134360313416,1.826486986828968E-4,0.336050420999527,0.013983789831399918
0.0,0.0,-0.010010071098804474,0.0048829615116119385,7.935139583423734E-4,0.10116130113601685,0.02239176630973816
0.0,0.0,-0.031250953674316406,0.0034180732909590006,1.826486986828968E-4,-0.10940533876419067,0.009197376668453217
0.0,0.0,-0.01269569993019104,0.008545182645320892,0.0032369750551879406,0.3804255425930023,-0.030466284602880478
0.0,0.0,7.324442267417908E-4,0.004150517284870148,-0.001649947022087872,0.16920995712280273,-0.024760812520980835
0.0,0.0,-0.029786067083477974,0.0046388134360313416,-4.282165609765798E-4,-0.005340605974197388,0.012463793158531189
0.0,0.0,-0.01977599412202835,0.004394665360450745,0.007513031363487244,0.2830904722213745,-0.027932174503803253
0.0,0.0,-0.013183996081352234,0.00317392498254776,-4.282165609765798E-4,0.21869315207004547,-0.0028755664825439453
0.0,0.0,-0.01025421917438507,0.005615405738353729,0.00629130145534873,0.07788993418216705,-0.011583693325519562
0.0,0.0,-0.01464888546615839,0.005859553813934326,0.0044587054289877415,0.18936990201473236,-0.03374580293893814
0.0,0.0,-0.019531846046447754,0.006103701889514923,0.0044587054289877415,0.2355388104915619,-0.011290781199932098
0.0,0.0,-0.016113772988319397,0.0034180732909590006,1.826486986828968E-4,0.12750154733657837,-0.04364895820617676
0.0,0.0,-0.01733451336622238,0.0046388134360313416,0.00568043626844883,0.13737961649894714,-0.027822349220514297
0.0,0.0,-0.01513718068599701,0.006103701889514923,0.0044587054289877415,0.17633719742298126,-0.06266604363918304
0.0,0.0,-0.016846217215061188,0.005127109587192535,0.0044587054289877415,0.18134726583957672,-0.028205424547195435
0.0,0.0,-0.016113772988319397,0.007324442733079195,1.826486986828968E-4,0.15740524232387543,-0.044541262090206146
0.0,0.0,-0.014893033541738987,0.0048829615116119385,0.0032369750551879406,0.1414259523153305,-0.0011392831802368164
0.0,0.0,-0.016357921063899994,0.0046388134360313416,1.826486986828968E-4,0.17475977540016174,-0.03668920323252678
0.0,0.0,-0.014893033541738987,0.006103701889514923,0.005069570615887642,0.15727867186069489,-0.012051999568939209
0.0,0.0,-0.015381328761577606,0.006836146581918001,-0.0010390818351879716,0.188551127910614,-0.029011845588684082
0.0,0.0,-0.0158696249127388,0.00634784996509552,-4.282165609765798E-4,0.15264984965324402,-0.04410731419920921
0.0,0.0,-0.017090365290641785,0.0036622213665395975,0.0026261096354573965,0.16701550781726837,-0.027347393333911896
0.0,0.0,-0.014893033541738987,0.007812738418579102,0.0014043792616575956,0.17941179871559143,-0.03330128639936447
0.0,0.0,-0.013183996081352234,0.00537125812843442,0.0032369750551879406,0.1555696427822113,-0.02562059462070465
0.0,0.0,-0.02075258642435074,0.006103701889514923,0.002015244448557496,0.11731654405593872,-0.058706656098365784
0.0,0.0,-0.02050843834877014,0.006103701889514923,-4.282165609765798E-4,0.15650099515914917,-0.03973975032567978
0.0,0.0,-0.012451551854610443,0.0048829615116119385,0.0014043792616575956,0.25541234016418457,-0.033132344484329224
0.0,0.0,-0.014160589314997196,0.0048829615116119385,0.0032369750551879406,0.13574561476707458,-0.019040070474147797
0.0,0.0,-0.01757866144180298,0.007324442733079195,0.0038478400092571974,0.1334981769323349,-0.0527598038315773
0.0,0.0,-0.017822811380028725,0.008056886494159698,-0.0028716775123029947,0.19919678568840027,-0.04167696833610535
0.0,0.0,-0.017090365290641785,0.006836146581918001,0.00629130145534873,0.2039041817188263,-0.03707122802734375
0.0,0.0,-0.015625476837158203,0.0046388134360313416,-0.001649947022087872,0.1440473049879074,-0.056225426495075226
0.0,0.0,-0.016846217215061188,0.007812738418579102,0.0014043792616575956,0.16099940240383148,-0.03241852670907974
0.0,0.0,-0.01757866144180298,0.008056886494159698,-0.001649947022087872,0.151417076587677,-0.019826814532279968
0.0,0.0,-0.015381328761577606,0.0048829615116119385,-4.282165609765798E-4,0.1730649471282959,-0.03493521362543106
0.0,0.0,-0.015625476837158203,0.005615405738353729,0.0032369750551879406,0.16591967642307281,-0.03994244337081909
0.0,0.0,-0.017090365290641785,0.005859553813934326,-0.001649947022087872,0.14433155953884125,-0.0378086119890213
0.0,0.0,-0.017090365290641785,0.0036622213665395975,0.002015244448557496,0.18100230395793915,-0.05395800992846489
0.0,0.0,-0.01733451336622238,0.007568590342998505,-0.0010390818351879716,0.17381948232650757,-0.04438091069459915
0.0,0.0,-0.01757866144180298,0.007080294657498598,7.935139583423734E-4,0.16184811294078827,-0.018043890595436096
0.0,0.0,-0.01660206913948059,0.008056886494159698,0.0026261096354573965,0.15734529495239258,-0.04745784401893616
0.0,0.0,-0.01733451336622238,0.00634784996509552,0.0014043792616575956,0.18143995106220245,-0.0414872020483017
0.0,0.0,-0.016846217215061188,0.0046388134360313416,-0.0028716775123029947,0.16946858167648315,-0.03430437296628952
0.0,0.0,-0.017822811380028725,0.00537125812843442,1.826486986828968E-4,0.1693808138370514,-0.05747203901410103
0.0,0.0,-0.018555253744125366,0.0046388134360313416,0.002015244448557496,0.14051364362239838,-0.07921269536018372
0.0,0.0,-0.015625476837158203,0.007812738418579102,-0.003482542699202895,0.1812163144350052,-0.04808712750673294
0.0,0.0,-0.016113772988319397,0.00634784996509552,-0.0010390818351879716,0.1692449450492859,-0.0504814013838768
0.0,0.0,-0.0158696249127388,0.00317392498254776,0.0044587054289877415,0.15983745455741882,-0.06980349123477936
0.0,0.0,-0.017090365290641785,0.00634784996509552,-0.0022608123254030943,0.17180882394313812,-0.0554378442466259
0.0,0.0,-0.01831110566854477,0.005615405738353729,0.0014043792616575956,0.17180882394313812,-0.0434664711356163
0.0,0.0,-0.017090365290641785,0.004394665360450745,-0.001649947022087872,0.16462600231170654,-0.05304356664419174
0.0,0.0,-0.01757866144180298,0.008545182645320892,0.0026261096354573965,0.15983745455741882,-0.038677915930747986
0.0,0.0,-0.016357921063899994,0.0046388134360313416,0.0026261096354573965,0.16462600231170654,-0.05064929276704788
0.0,0.0,-0.016357921063899994,0.008301034569740295,0.0044587054289877415,0.17133717238903046,-0.05596909299492836
0.0,0.0,-0.01660206913948059,0.0034180732909590006,0.0026261096354573965,0.17373144626617432,-0.08230611681938171
0.0,0.0,-0.016357921063899994,0.006591998040676117,0.002015244448557496,0.1664598435163498,-0.05404071509838104
0.0,0.0,-0.017090365290641785,0.005615405738353729,0.00629130145534873,0.1592770218849182,-0.05404071509838104
0.0,0.0,-0.01513718068599701,0.005615405738353729,0.0026261096354573965,0.1712483912706375,-0.025309421122074127
0.0,0.0,-0.01660206913948059,0.007568590342998505,-0.00470427330583334,0.18082548677921295,-0.06361781805753708
0.0,0.0,-0.016113772988319397,0.006103701889514923,0.0032369750551879406,0.1951911300420761,-0.04206934571266174
0.0,0.0,-0.01757866144180298,0.007080294657498598,1.826486986828968E-4,0.16406556963920593,-0.05164644122123718
0.0,0.0,-0.016357921063899994,0.005859553813934326,0.0044587054289877415,0.14969991147518158,-0.039675064384937286
0.0,0.0,-0.0158696249127388,0.006103701889514923,0.0014043792616575956,0.16167129576206207,-0.037280790507793427
0.0,0.0,-0.0158696249127388,0.00537125812843442,1.826486986828968E-4,0.14012281596660614,-0.06122354045510292
0.0,0.0,-0.01733451336622238,0.00537125812843442,-4.282165609765798E-4,0.16167129576206207,-0.0564349927008152
0.0,0.0,-0.015381328761577606,0.007080294657498598,-4.282165609765798E-4,0.16188006103038788,-0.0619475282728672
0.0,0.0,-0.01660206913948059,0.006591998040676117,0.0038478400092571974,0.17860102653503418,-0.06336139142513275
0.0,0.0,-0.018066957592964172,0.0046388134360313416,0.00568043626844883,0.18578384816646576,-0.037024371325969696
0.0,0.0,-0.017090365290641785,0.0036622213665395975,0.0026261096354573965,0.17381247878074646,-0.04420720040798187
0.0,0.0,-0.015625476837158203,0.007324442733079195,-4.282165609765798E-4,0.16184110939502716,-0.06096712127327919
